FL,ISA,TOW,TIME,DIST,FUEL,TAS
0,0,0,0,0,0,0
15,-20,114.64024,0,3,277.7824504,117
15,-20,119.04948,0,3,288.8055635,116
15,-20,123.45872,0,3,299.8286766,116
15,-20,127.86796,2,2,308.6471671,116
15,-20,132.2772,2,2,354.9442421,117
15,-20,136.68644,2,2,337.3072612,117
15,-20,141.09568,2,2,350.5349969,116
15,-20,145.50492,2,4,363.7627326,117
15,-20,149.91416,2,4,376.9904684,117
15,-20,154.3234,2,3,388.0135815,118
15,-20,158.73264,2,3,399.0366946,119
15,-20,163.14188,2,3,410.0598077,120
15,-20,167.55112,2,3,421.0829208,121
15,-20,171.96036,2,3,434.3106565,122
15,-15,114.64024,1,3,286.6009409,112
15,-15,119.04948,1,3,299.8286766,112
15,-15,123.45872,0,3,310.8517897,112
15,-15,127.86796,2,3,321.8749028,111
15,-15,132.2772,2,2,368.1719779,113
15,-15,136.68644,2,2,352.7396195,112
15,-15,141.09568,2,2,365.9673553,112
15,-15,145.50492,2,4,381.3997136,113
15,-15,149.91416,2,4,394.6274493,112
15,-15,154.3234,2,4,407.8551851,113
15,-15,158.73264,2,3,421.0829208,114
15,-15,163.14188,2,3,432.1060339,115
15,-15,167.55112,2,3,445.3337696,115
15,-15,171.96036,2,3,460.766128,116
15,-10,114.64024,1,3,295.4194313,112
15,-10,119.04948,1,3,308.6471671,112
15,-10,123.45872,1,3,319.6702802,111
15,-10,127.86796,2,3,332.8980159,111
15,-10,132.2772,2,3,379.195091,112
15,-10,136.68644,2,2,363.7627326,112
15,-10,141.09568,2,2,376.9904684,112
15,-10,145.50492,2,4,392.4228267,113
15,-10,149.91416,2,4,405.6505624,112
15,-10,154.3234,2,4,421.0829208,113
15,-10,158.73264,2,4,434.3106565,114
15,-10,163.14188,2,4,447.5383923,114
15,-10,167.55112,2,3,460.766128,115
15,-10,171.96036,2,3,478.403109,115
15,0,114.64024,1,3,304.2379218,120
15,0,119.04948,1,3,317.4656576,120
15,0,123.45872,1,3,330.6933933,120
15,0,127.86796,2,3,343.921129,120
15,0,132.2772,2,3,374.7858457,121
15,0,136.68644,2,3,374.7858457,121
15,0,141.09568,2,3,390.2182041,121
15,0,145.50492,2,4,405.6505624,122
15,0,149.91416,2,4,421.0829208,122
15,0,154.3234,2,4,436.5152792,123
15,0,158.73264,2,4,451.9476375,124
15,0,163.14188,2,4,467.3799959,125
15,0,167.55112,2,4,482.8123542,126
15,0,171.96036,2,4,500.4493352,127
15,10,114.64024,1,3,313.0564123,128
15,10,119.04948,1,3,326.2841481,128
15,10,123.45872,1,3,341.7165064,129
15,10,127.86796,2,3,354.9442421,129
15,10,132.2772,2,3,370.3766005,130
15,10,136.68644,2,4,385.8089589,130
15,10,141.09568,2,4,403.4459398,130
15,10,145.50492,2,4,418.8782982,131
15,10,149.91416,2,4,436.5152792,132
15,10,154.3234,2,4,451.9476375,133
15,10,158.73264,2,4,469.5846185,134
15,10,163.14188,2,4,487.2215995,136
15,10,167.55112,2,5,504.8585804,137
15,10,171.96036,2,5,522.4955614,139
15,15,114.64024,1,3,321.8749028,128
15,15,119.04948,1,3,335.1026385,128
15,15,123.45872,2,3,350.5349969,128
15,15,127.86796,2,3,365.9673553,129
15,15,132.2772,2,4,381.3997136,129
15,15,136.68644,2,4,396.832072,130
15,15,141.09568,2,4,414.4690529,130
15,15,145.50492,2,4,429.9014113,131
15,15,149.91416,2,4,447.5383923,132
15,15,154.3234,2,4,465.1753732,133
15,15,158.73264,2,5,482.8123542,134
15,15,163.14188,2,5,502.6539578,135
15,15,167.55112,2,5,520.2909388,137
15,15,171.96036,2,5,540.1325424,138
15,20,114.64024,2,3,330.6933933,123
15,20,119.04948,2,3,346.1257517,124
15,20,123.45872,2,3,361.55811,124
15,20,127.86796,2,4,379.195091,124
15,20,132.2772,2,4,394.6274493,125
15,20,136.68644,2,4,412.2644303,125
15,20,141.09568,2,4,429.9014113,126
15,20,145.50492,2,4,447.5383923,127
15,20,149.91416,2,4,465.1753732,127
15,20,154.3234,2,5,485.0169768,128
15,20,158.73264,2,5,504.8585804,129
15,20,163.14188,2,5,524.700184,130
15,20,167.55112,2,5,544.5417876,131
15,20,171.96036,2,5,566.5880139,132
50,-20,114.64024,2,5,434.3106565,162
50,-20,119.04948,1,5,449.7430149,161
50,-20,123.45872,1,4,469.5846185,161
50,-20,127.86796,1,6,491.6308447,163
50,-20,132.2772,1,6,557.7695234,162
50,-20,136.68644,3,5,529.1094293,162
50,-20,141.09568,3,7,551.1556555,163
50,-20,145.50492,3,6,570.9972591,163
50,-20,149.91416,3,6,588.6342401,164
50,-20,154.3234,3,6,610.6804663,165
50,-20,158.73264,2,7,632.7266925,166
50,-20,163.14188,2,7,652.5682961,166
50,-20,167.55112,2,6,672.4098997,169
50,-20,171.96036,2,8,690.0468807,170
50,-15,114.64024,2,5,454.1522601,160
50,-15,119.04948,2,5,469.5846185,159
50,-15,123.45872,2,5,489.4262221,159
50,-15,127.86796,3,6,513.6770709,160
50,-15,132.2772,3,6,582.0203722,160
50,-15,136.68644,3,6,555.5649007,160
50,-15,141.09568,3,7,577.611127,161
50,-15,145.50492,3,7,597.4527306,160
50,-15,149.91416,3,7,619.4989568,161
50,-15,154.3234,3,6,643.7498056,163
50,-15,158.73264,3,8,665.7960318,164
50,-15,163.14188,3,8,690.0468807,162
50,-15,167.55112,3,7,712.0931069,165
50,-15,171.96036,2,9,731.9347105,166
50,-10,114.64024,2,6,469.5846185,162
50,-10,119.04948,2,6,487.2215995,161
50,-10,123.45872,2,5,507.0632031,161
50,-10,127.86796,2,7,531.3140519,162
50,-10,132.2772,2,7,599.6573532,162
50,-10,136.68644,3,6,575.4065043,162
50,-10,141.09568,3,8,597.4527306,163
50,-10,145.50492,3,8,621.7035794,162
50,-10,149.91416,3,7,643.7498056,164
50,-10,154.3234,3,7,670.2052771,164
50,-10,158.73264,3,9,694.4561259,165
50,-10,163.14188,3,8,718.7069748,164
50,-10,167.55112,3,8,742.9578236,167
50,-10,171.96036,3,10,767.2086725,168
50,0,114.64024,2,6,485.0169768,169
50,0,119.04948,2,6,504.8585804,169
50,0,123.45872,2,6,526.9048067,169
50,0,127.86796,2,7,551.1556555,170
50,0,132.2772,2,7,597.4527306,170
50,0,136.68644,3,7,597.4527306,170
50,0,141.09568,3,8,621.7035794,171
50,0,145.50492,3,8,645.9544282,171
50,0,149.91416,3,8,670.2052771,172
50,0,154.3234,3,8,696.6607486,173
50,0,158.73264,3,9,723.11622,174
50,0,163.14188,3,9,749.5716915,174
50,0,167.55112,3,9,776.0271629,176
50,0,171.96036,3,10,802.4826344,177
50,10,114.64024,2,6,500.4493352,176
50,10,119.04948,2,6,522.4955614,177
50,10,123.45872,2,7,546.7464103,177
50,10,127.86796,2,7,570.9972591,178
50,10,132.2772,2,7,595.2481079,178
50,10,136.68644,3,8,619.4989568,178
50,10,141.09568,3,8,645.9544282,179
50,10,145.50492,3,8,670.2052771,180
50,10,149.91416,3,9,696.6607486,180
50,10,154.3234,3,9,723.11622,182
50,10,158.73264,3,9,751.7763141,183
50,10,163.14188,3,10,780.4364082,184
50,10,167.55112,3,10,809.0965023,185
50,10,171.96036,3,10,837.7565964,186
50,15,114.64024,2,7,515.8816935,178
50,15,119.04948,2,7,540.1325424,179
50,15,123.45872,2,7,564.3833912,179
50,15,127.86796,3,8,588.6342401,180
50,15,132.2772,3,8,612.8850889,180
50,15,136.68644,3,8,639.3405604,180
50,15,141.09568,3,9,665.7960318,181
50,15,145.50492,3,9,694.4561259,182
50,15,149.91416,3,9,720.9115974,183
50,15,154.3234,3,10,749.5716915,183
50,15,158.73264,3,10,780.4364082,184
50,15,163.14188,3,10,809.0965023,186
50,15,167.55112,3,11,839.961219,187
50,15,171.96036,4,11,873.0305583,188
50,20,114.64024,2,7,535.7232971,176
50,20,119.04948,3,7,559.974146,177
50,20,123.45872,3,8,584.2249948,177
50,20,127.86796,3,8,610.6804663,177
50,20,132.2772,3,8,637.1359378,178
50,20,136.68644,3,9,665.7960318,178
50,20,141.09568,3,9,692.2515033,179
50,20,145.50492,3,10,720.9115974,179
50,20,149.91416,3,10,751.7763141,180
50,20,154.3234,3,10,782.6410308,181
50,20,158.73264,4,11,813.5057475,182
50,20,163.14188,4,11,846.5750868,182
50,20,167.55112,4,12,879.6444262,183
50,20,171.96036,4,12,914.9183881,184
100,-20,114.64024,2,8,654.7729187,198
100,-20,119.04948,2,10,683.4330128,197
100,-20,123.45872,2,9,714.2977295,199
100,-20,127.86796,4,10,742.9578236,199
100,-20,132.2772,4,10,846.5750868,198
100,-20,136.68644,3,11,804.687257,198
100,-20,141.09568,3,10,835.5519737,199
100,-20,145.50492,3,11,864.2120678,199
100,-20,149.91416,3,13,897.2814072,200
100,-20,154.3234,5,12,928.1461239,202
100,-20,158.73264,4,13,961.2154632,201
100,-20,163.14188,4,12,994.2848025,202
100,-20,167.55112,4,13,1029.558764,203
100,-20,171.96036,4,14,1062.628104,205
100,-15,114.64024,3,9,685.6376354,198
100,-15,119.04948,2,11,714.2977295,197
100,-15,123.45872,2,10,747.3670689,199
100,-15,127.86796,4,12,780.4364082,198
100,-15,132.2772,4,11,886.258294,198
100,-15,136.68644,4,12,846.5750868,197
100,-15,141.09568,4,12,879.6444262,199
100,-15,145.50492,3,13,910.5091429,198
100,-15,149.91416,3,14,947.9877275,200
100,-15,154.3234,5,14,981.0570668,201
100,-15,158.73264,5,15,1018.535651,200
100,-15,163.14188,5,14,1053.809613,201
100,-15,167.55112,4,15,1093.492821,202
100,-15,171.96036,4,16,1130.971405,203
100,-10,114.64024,3,10,712.0931069,200
100,-10,119.04948,3,12,742.9578236,200
100,-10,123.45872,2,11,778.2317856,201
100,-10,127.86796,4,13,811.3011249,201
100,-10,132.2772,4,12,919.3276334,200
100,-10,136.68644,4,14,881.8490488,200
100,-10,141.09568,4,13,917.1230108,202
100,-10,145.50492,4,14,952.3969727,201
100,-10,149.91416,3,16,989.8755573,202
100,-10,154.3234,5,15,1027.354142,204
100,-10,158.73264,5,16,1067.037349,203
100,-10,163.14188,5,16,1106.720556,204
100,-10,167.55112,5,17,1148.608386,205
100,-10,171.96036,5,18,1190.496216,206
100,0,114.64024,3,11,740.753201,207
100,0,119.04948,3,12,773.8225403,207
100,0,123.45872,3,12,809.0965023,208
100,0,127.86796,4,13,844.3704642,208
100,0,132.2772,4,13,917.1230108,208
100,0,136.68644,4,14,917.1230108,208
100,0,141.09568,4,14,954.6015953,209
100,0,145.50492,4,15,992.0801799,209
100,0,149.91416,4,16,1031.763387,210
100,0,154.3234,5,16,1071.446594,211
100,0,158.73264,5,17,1113.334424,211
100,0,163.14188,5,17,1155.222254,212
100,0,167.55112,5,18,1199.314706,213
100,0,171.96036,5,19,1243.407159,214
100,10,114.64024,3,12,769.4132951,214
100,10,119.04948,3,12,804.687257,214
100,10,123.45872,4,13,839.961219,215
100,10,127.86796,4,13,877.4398036,215
100,10,132.2772,4,14,914.9183881,216
100,10,136.68644,4,14,952.3969727,216
100,10,141.09568,4,15,992.0801799,216
100,10,145.50492,4,16,1031.763387,217
100,10,149.91416,5,16,1073.651217,218
100,10,154.3234,5,17,1115.539047,218
100,10,158.73264,5,18,1159.631499,219
100,10,163.14188,5,18,1203.723952,220
100,10,167.55112,5,19,1250.021027,221
100,10,171.96036,5,20,1296.318102,222
100,15,114.64024,3,13,795.8687665,216
100,15,119.04948,4,13,833.3473511,217
100,15,123.45872,4,14,870.8259357,217
100,15,127.86796,4,14,908.3045203,218
100,15,132.2772,4,15,947.9877275,218
100,15,136.68644,4,16,987.6709347,219
100,15,141.09568,4,16,1029.558764,219
100,15,145.50492,5,17,1073.651217,220
100,15,149.91416,5,18,1115.539047,220
100,15,154.3234,5,18,1161.836122,221
100,15,158.73264,5,19,1208.133197,222
100,15,163.14188,5,20,1256.634895,223
100,15,167.55112,6,21,1305.136592,224
100,15,171.96036,6,22,1355.842913,225
100,20,114.64024,4,14,826.7334833,216
100,20,119.04948,4,14,864.2120678,217
100,20,123.45872,4,15,903.895275,217
100,20,127.86796,4,16,945.7831048,217
100,20,132.2772,4,16,987.6709347,218
100,20,136.68644,5,17,1029.558764,218
100,20,141.09568,5,18,1073.651217,219
100,20,145.50492,5,19,1119.948292,219
100,20,149.91416,5,19,1166.245367,220
100,20,154.3234,5,20,1214.747065,220
100,20,158.73264,6,21,1265.453385,221
100,20,163.14188,6,22,1316.159705,222
100,20,167.55112,6,23,1369.070648,223
100,20,171.96036,6,24,1424.186214,223
120,-20,114.64024,3,12,811.3011249,222
120,-20,119.04948,3,13,846.5750868,224
120,-20,123.45872,3,12,881.8490488,223
120,-20,127.86796,4,13,917.1230108,225
120,-20,132.2772,4,14,1047.195745,225
120,-20,136.68644,4,15,992.0801799,224
120,-20,141.09568,4,16,1033.96801,224
120,-20,145.50492,3,17,1069.241972,225
120,-20,149.91416,5,16,1111.129801,225
120,-20,154.3234,5,17,1146.403763,226
120,-20,158.73264,5,17,1190.496216,228
120,-20,163.14188,4,18,1232.384046,227
120,-20,167.55112,6,19,1269.86263,229
120,-20,171.96036,6,19,1309.545837,230
120,-15,114.64024,4,14,855.3935773,223
120,-15,119.04948,3,15,892.8721619,224
120,-15,123.45872,3,14,930.3507465,224
120,-15,127.86796,5,15,970.0339537,226
120,-15,132.2772,5,16,1100.106688,225
120,-15,136.68644,4,17,1049.400368,225
120,-15,141.09568,4,18,1095.697443,225
120,-15,145.50492,4,19,1133.176028,226
120,-15,149.91416,6,18,1179.473103,226
120,-15,154.3234,6,19,1221.360933,227
120,-15,158.73264,5,20,1267.658008,228
120,-15,163.14188,5,21,1313.955083,228
120,-15,167.55112,7,22,1358.047535,229
120,-15,171.96036,7,23,1404.34461,230
120,-10,114.64024,4,15,892.8721619,226
120,-10,119.04948,4,16,932.5553691,228
120,-10,123.45872,3,16,972.2385763,227
120,-10,127.86796,5,17,1014.126406,229
120,-10,132.2772,5,18,1148.608386,229
120,-10,136.68644,5,19,1100.106688,229
120,-10,141.09568,5,20,1146.403763,228
120,-10,145.50492,4,21,1190.496216,230
120,-10,149.91416,6,21,1238.997914,229
120,-10,154.3234,6,22,1283.090366,230
120,-10,158.73264,6,23,1333.796686,232
120,-10,163.14188,6,24,1384.503007,231
120,-10,167.55112,7,25,1433.004704,232
120,-10,171.96036,7,26,1483.711025,233
120,0,114.64024,4,16,928.1461239,234
120,0,119.04948,4,17,970.0339537,235
120,0,123.45872,4,17,1011.921783,235
120,0,127.86796,5,18,1056.014236,236
120,0,132.2772,5,19,1146.403763,236
120,0,136.68644,5,20,1146.403763,236
120,0,141.09568,5,21,1194.905461,236
120,0,145.50492,5,22,1241.202536,237
120,0,149.91416,6,22,1291.908856,237
120,0,154.3234,6,23,1340.410554,238
120,0,158.73264,6,24,1393.321497,239
120,0,163.14188,6,25,1446.23244,239
120,0,167.55112,7,26,1499.143383,240
120,0,171.96036,7,27,1554.258949,241
120,10,114.64024,4,17,963.4200858,242
120,10,119.04948,4,18,1007.512538,242
120,10,123.45872,5,18,1051.604991,243
120,10,127.86796,5,19,1097.902066,243
120,10,132.2772,5,20,1144.199141,243
120,10,136.68644,5,21,1192.700839,243
120,10,141.09568,5,22,1243.407159,244
120,10,145.50492,6,23,1291.908856,244
120,10,149.91416,6,23,1344.819799,245
120,10,154.3234,6,24,1397.730742,246
120,10,158.73264,6,25,1452.846308,246
120,10,163.14188,6,26,1507.961873,247
120,10,167.55112,7,27,1565.282062,248
120,10,171.96036,7,28,1624.806872,249
120,15,114.64024,4,18,1000.89867,245
120,15,119.04948,5,19,1047.195745,246
120,15,123.45872,5,20,1093.492821,246
120,15,127.86796,5,21,1141.994518,246
120,15,132.2772,5,22,1192.700839,247
120,15,136.68644,6,23,1243.407159,247
120,15,141.09568,6,24,1294.113479,247
120,15,145.50492,6,25,1349.229045,248
120,15,149.91416,6,26,1404.34461,248
120,15,154.3234,6,27,1459.460176,249
120,15,158.73264,7,28,1518.984987,250
120,15,163.14188,7,29,1578.509797,250
120,15,167.55112,7,30,1640.239231,251
120,15,171.96036,7,31,1704.173287,252
120,20,114.64024,5,20,1044.991123,246
120,20,119.04948,5,21,1093.492821,246
120,20,123.45872,5,22,1141.994518,247
120,20,127.86796,6,23,1194.905461,247
120,20,132.2772,6,24,1245.611781,247
120,20,136.68644,6,25,1300.727347,248
120,20,141.09568,6,26,1355.842913,248
120,20,145.50492,7,27,1413.163101,249
120,20,149.91416,7,28,1472.687911,249
120,20,154.3234,7,29,1534.417345,250
120,20,158.73264,7,31,1596.146778,250
120,20,163.14188,8,32,1660.080834,251
120,20,167.55112,8,33,1728.424136,251
120,20,171.96036,8,35,1798.97206,252
140,-20,114.64024,4,14,901.6906524,237
140,-20,119.04948,4,14,941.3738596,237
140,-20,123.45872,4,15,981.0570668,239
140,-20,127.86796,4,16,1020.740274,238
140,-20,132.2772,5,17,1168.44999,238
140,-20,136.68644,5,17,1106.720556,238
140,-20,141.09568,5,18,1150.813009,237
140,-20,145.50492,4,19,1190.496216,239
140,-20,149.91416,4,19,1234.588668,239
140,-20,154.3234,6,20,1278.681121,240
140,-20,158.73264,6,20,1322.773573,242
140,-20,163.14188,5,23,1369.070648,241
140,-20,167.55112,5,23,1415.367723,243
140,-20,171.96036,6,24,1463.869421,244
140,-15,114.64024,5,16,954.6015953,239
140,-15,119.04948,5,17,996.4894251,239
140,-15,123.45872,4,18,1040.581878,240
140,-15,127.86796,4,19,1082.469707,240
140,-15,132.2772,6,19,1234.588668,240
140,-15,136.68644,6,20,1177.26848,239
140,-15,141.09568,5,21,1223.565555,239
140,-15,145.50492,5,22,1269.86263,241
140,-15,149.91416,5,23,1316.159705,240
140,-15,154.3234,7,23,1369.070648,241
140,-15,158.73264,6,24,1417.572346,243
140,-15,163.14188,6,27,1468.278666,242
140,-15,167.55112,6,27,1521.189609,243
140,-15,171.96036,7,28,1578.509797,245
140,-10,114.64024,5,18,1000.89867,243
140,-10,119.04948,5,19,1044.991123,243
140,-10,123.45872,5,20,1091.288198,244
140,-10,127.86796,5,21,1137.585273,244
140,-10,132.2772,6,22,1291.908856,244
140,-10,136.68644,6,23,1236.793291,243
140,-10,141.09568,6,24,1287.499611,243
140,-10,145.50492,6,25,1336.001309,245
140,-10,149.91416,5,26,1388.912252,244
140,-10,154.3234,7,26,1444.027817,245
140,-10,158.73264,7,27,1496.93876,247
140,-10,163.14188,7,30,1554.258949,246
140,-10,167.55112,6,31,1611.579137,247
140,-10,171.96036,8,31,1673.30857,248
140,0,114.64024,5,19,1042.7865,250
140,0,119.04948,5,20,1089.083575,250
140,0,123.45872,5,21,1137.585273,251
140,0,127.86796,5,22,1186.086971,251
140,0,132.2772,6,23,1289.704234,251
140,0,136.68644,6,24,1289.704234,251
140,0,141.09568,6,25,1342.615177,251
140,0,145.50492,6,26,1395.52612,252
140,0,149.91416,6,27,1450.641685,252
140,0,154.3234,7,28,1507.961873,253
140,0,158.73264,7,29,1565.282062,254
140,0,163.14188,7,31,1624.806872,254
140,0,167.55112,7,32,1686.536306,255
140,0,171.96036,8,33,1750.470362,256
140,10,114.64024,5,20,1084.67433,257
140,10,119.04948,5,21,1133.176028,257
140,10,123.45872,5,22,1183.882348,258
140,10,127.86796,5,23,1234.588668,258
140,10,132.2772,6,24,1287.499611,258
140,10,136.68644,6,25,1342.615177,259
140,10,141.09568,6,26,1397.730742,259
140,10,145.50492,6,27,1455.050931,259
140,10,149.91416,7,28,1512.371119,260
140,10,154.3234,7,30,1571.895929,261
140,10,158.73264,7,31,1633.625363,261
140,10,163.14188,7,32,1695.354796,262
140,10,167.55112,8,33,1761.493475,263
140,10,171.96036,8,35,1827.632154,264
140,15,114.64024,5,22,1130.971405,261
140,15,119.04948,5,23,1181.677725,261
140,15,123.45872,6,24,1234.588668,262
140,15,127.86796,6,25,1289.704234,262
140,15,132.2772,6,27,1344.819799,262
140,15,136.68644,6,28,1402.139988,263
140,15,141.09568,7,29,1461.664798,263
140,15,145.50492,7,30,1521.189609,263
140,15,149.91416,7,31,1585.123665,264
140,15,154.3234,7,33,1646.853099,265
140,15,158.73264,8,34,1712.991777,265
140,15,163.14188,8,35,1781.335079,266
140,15,167.55112,8,37,1851.883002,267
140,15,171.96036,9,38,1922.430926,267
140,20,114.64024,6,24,1183.882348,263
140,20,119.04948,6,26,1236.793291,263
140,20,123.45872,6,27,1294.113479,263
140,20,127.86796,6,28,1351.433667,264
140,20,132.2772,7,29,1410.958478,264
140,20,136.68644,7,31,1472.687911,264
140,20,141.09568,7,32,1534.417345,265
140,20,145.50492,8,33,1600.556024,265
140,20,149.91416,8,35,1666.694702,265
140,20,154.3234,8,36,1737.242626,266
140,20,158.73264,8,38,1807.79055,266
140,20,163.14188,9,39,1880.543097,267
140,20,167.55112,9,41,1957.704888,267
140,20,171.96036,10,42,2037.071303,268
160,-20,114.64024,4,16,1000.89867,250
160,-20,119.04948,5,17,1040.581878,250
160,-20,123.45872,5,18,1086.878953,251
160,-20,127.86796,5,20,1130.971405,251
160,-20,132.2772,4,21,1294.113479,251
160,-20,136.68644,6,21,1225.770178,250
160,-20,141.09568,6,21,1267.658008,252
160,-20,145.50492,5,22,1318.364328,252
160,-20,149.91416,5,24,1366.866026,253
160,-20,154.3234,7,24,1415.367723,253
160,-20,158.73264,6,24,1463.869421,254
160,-20,163.14188,6,27,1512.371119,254
160,-20,167.55112,5,27,1567.486684,255
160,-20,171.96036,7,28,1618.193005,257
160,-15,114.64024,4,19,1062.628104,252
160,-15,119.04948,6,20,1106.720556,252
160,-15,123.45872,6,21,1157.426877,254
160,-15,127.86796,5,23,1205.928574,253
160,-15,132.2772,5,24,1373.479894,253
160,-15,136.68644,7,25,1309.545837,253
160,-15,141.09568,6,25,1358.047535,254
160,-15,145.50492,6,26,1413.163101,254
160,-15,149.91416,6,28,1466.074044,255
160,-15,154.3234,8,29,1521.189609,255
160,-15,158.73264,7,29,1576.305175,256
160,-15,163.14188,7,31,1631.42074,256
160,-15,167.55112,7,32,1695.354796,257
160,-15,171.96036,8,34,1752.674984,258
160,-10,114.64024,5,22,1117.743669,257
160,-10,119.04948,6,23,1164.040744,256
160,-10,123.45872,6,23,1216.951687,258
160,-10,127.86796,6,26,1269.86263,258
160,-10,132.2772,6,27,1441.823195,257
160,-10,136.68644,7,28,1380.093761,257
160,-10,141.09568,7,29,1433.004704,259
160,-10,145.50492,7,29,1492.529515,258
160,-10,149.91416,7,32,1552.054326,260
160,-10,154.3234,8,32,1611.579137,259
160,-10,158.73264,8,33,1671.103947,261
160,-10,163.14188,8,36,1732.833381,260
160,-10,167.55112,7,36,1801.176682,261
160,-10,171.96036,9,39,1867.315361,262
160,0,114.64024,5,23,1164.040744,264
160,0,119.04948,6,24,1214.747065,264
160,0,123.45872,6,25,1269.86263,265
160,0,127.86796,6,27,1324.978196,265
160,0,132.2772,6,28,1439.618572,265
160,0,136.68644,7,29,1439.618572,265
160,0,141.09568,7,30,1496.93876,266
160,0,145.50492,7,31,1558.668194,266
160,0,149.91416,7,33,1620.397627,267
160,0,154.3234,8,34,1684.331683,267
160,0,158.73264,8,35,1748.265739,268
160,0,163.14188,8,37,1814.404418,268
160,0,167.55112,8,38,1884.952342,269
160,0,171.96036,9,40,1955.500266,270
160,10,114.64024,5,24,1210.337819,271
160,10,119.04948,6,25,1265.453385,272
160,10,123.45872,6,27,1322.773573,272
160,10,127.86796,6,28,1380.093761,272
160,10,132.2772,6,29,1437.41395,273
160,10,136.68644,7,30,1499.143383,273
160,10,141.09568,7,31,1560.872816,273
160,10,145.50492,7,33,1624.806872,274
160,10,149.91416,7,34,1688.740928,274
160,10,154.3234,8,36,1757.08423,275
160,10,158.73264,8,37,1825.427531,275
160,10,163.14188,8,38,1895.975455,276
160,10,167.55112,9,40,1968.728001,277
160,10,171.96036,9,41,2043.685171,278
160,15,114.64024,6,27,1265.453385,276
160,15,119.04948,6,28,1322.773573,276
160,15,123.45872,6,29,1382.298384,276
160,15,127.86796,7,31,1444.027817,277
160,15,132.2772,7,32,1505.757251,277
160,15,136.68644,7,33,1569.691307,277
160,15,141.09568,8,35,1635.829986,278
160,15,145.50492,8,36,1704.173287,278
160,15,149.91416,8,38,1774.721211,279
160,15,154.3234,8,39,1847.473757,279
160,15,158.73264,9,41,1920.226304,280
160,15,163.14188,9,43,1997.388096,280
160,15,167.55112,9,44,2074.549887,281
160,15,171.96036,10,46,2158.325547,282
160,20,114.64024,6,30,1327.182818,278
160,20,119.04948,7,31,1388.912252,278
160,20,123.45872,7,32,1452.846308,279
160,20,127.86796,7,34,1518.984987,279
160,20,132.2772,8,35,1585.123665,279
160,20,136.68644,8,37,1653.466967,280
160,20,141.09568,8,39,1726.219513,280
160,20,145.50492,9,40,1798.97206,280
160,20,149.91416,9,42,1873.929229,281
160,20,154.3234,9,44,1953.295643,281
160,20,158.73264,10,46,2032.662057,282
160,20,163.14188,10,47,2116.437717,282
160,20,167.55112,11,49,2202.417999,283
160,20,171.96036,11,52,2292.807527,283
180,-20,114.64024,5,20,1095.697443,263
180,-20,119.04948,4,21,1141.994518,263
180,-20,123.45872,6,21,1190.496216,263
180,-20,127.86796,6,23,1241.202536,264
180,-20,132.2772,5,23,1419.776969,264
180,-20,136.68644,5,24,1342.615177,264
180,-20,141.09568,7,26,1395.52612,263
180,-20,145.50492,6,26,1446.23244,265
180,-20,149.91416,6,27,1501.348006,265
180,-20,154.3234,7,27,1554.258949,266
180,-20,158.73264,7,29,1607.169891,266
180,-20,163.14188,6,31,1664.49008,267
180,-20,167.55112,8,30,1719.605645,269
180,-20,171.96036,7,32,1776.925833,268
180,-15,114.64024,5,24,1170.654612,266
180,-15,119.04948,5,24,1221.360933,266
180,-15,123.45872,7,25,1274.271876,265
180,-15,127.86796,6,27,1329.387441,267
180,-15,132.2772,6,28,1514.575741,267
180,-15,136.68644,6,28,1444.027817,267
180,-15,141.09568,7,30,1501.348006,266
180,-15,145.50492,7,31,1558.668194,268
180,-15,149.91416,7,33,1620.397627,267
180,-15,154.3234,8,33,1679.922438,269
180,-15,158.73264,8,35,1743.856494,268
180,-15,163.14188,8,37,1807.79055,270
180,-15,167.55112,9,37,1871.724606,271
180,-15,171.96036,9,39,1937.863285,270
180,-10,114.64024,6,27,1236.793291,271
180,-10,119.04948,6,28,1289.704234,271
180,-10,123.45872,7,28,1347.024422,270
180,-10,127.86796,7,31,1406.549233,272
180,-10,132.2772,7,32,1596.146778,272
180,-10,136.68644,6,32,1527.803477,271
180,-10,141.09568,8,35,1591.737533,271
180,-10,145.50492,8,35,1653.466967,273
180,-10,149.91416,8,37,1721.810268,272
180,-10,154.3234,9,38,1787.948946,274
180,-10,158.73264,9,40,1856.292248,273
180,-10,163.14188,9,42,1929.044794,274
180,-10,167.55112,10,42,2001.797341,275
180,-10,171.96036,10,45,2074.549887,275
180,0,114.64024,6,28,1289.704234,278
180,0,119.04948,6,29,1347.024422,278
180,0,123.45872,7,30,1406.549233,278
180,0,127.86796,7,32,1468.278666,279
180,0,132.2772,7,33,1596.146778,279
180,0,136.68644,7,34,1596.146778,279
180,0,141.09568,8,36,1662.285457,279
180,0,145.50492,8,37,1728.424136,280
180,0,149.91416,8,39,1798.97206,280
180,0,154.3234,9,40,1869.519983,281
180,0,158.73264,9,42,1942.27253,281
180,0,163.14188,9,44,2017.229699,282
180,0,167.55112,10,45,2094.391491,283
180,0,171.96036,10,47,2173.757905,283
180,10,114.64024,6,29,1342.615177,285
180,10,119.04948,6,30,1404.34461,285
180,10,123.45872,7,32,1466.074044,286
180,10,127.86796,7,33,1530.0081,286
180,10,132.2772,7,34,1596.146778,286
180,10,136.68644,8,36,1664.49008,287
180,10,141.09568,8,37,1732.833381,287
180,10,145.50492,8,39,1803.381305,287
180,10,149.91416,8,41,1876.133851,288
180,10,154.3234,9,42,1951.09102,288
180,10,158.73264,9,44,2028.252812,289
180,10,163.14188,9,46,2105.414604,290
180,10,167.55112,10,48,2186.985641,291
180,10,171.96036,10,49,2272.965923,291
180,15,114.64024,7,32,1408.753855,290
180,15,119.04948,7,34,1472.687911,290
180,15,123.45872,7,35,1538.82659,291
180,15,127.86796,8,37,1607.169891,291
180,15,132.2772,8,38,1677.717815,291
180,15,136.68644,8,40,1748.265739,291
180,15,141.09568,9,42,1823.222908,292
180,15,145.50492,9,43,1898.180078,292
180,15,149.91416,9,45,1977.546492,293
180,15,154.3234,10,47,2059.117529,293
180,15,158.73264,10,49,2140.688566,294
180,15,163.14188,10,51,2226.668848,294
180,15,167.55112,11,53,2317.058376,295
180,15,171.96036,11,55,2409.652526,296
180,20,114.64024,7,36,1483.711025,293
180,20,119.04948,8,37,1552.054326,293
180,20,123.45872,8,39,1622.60225,293
180,20,127.86796,8,41,1695.354796,294
180,20,132.2772,9,43,1772.516588,294
180,20,136.68644,9,44,1849.67838,294
180,20,141.09568,9,46,1929.044794,295
180,20,145.50492,10,48,2010.615831,295
180,20,149.91416,10,51,2096.596114,295
180,20,154.3234,11,53,2184.781018,296
180,20,158.73264,11,55,2277.375169,296
180,20,163.14188,12,57,2369.969319,297
180,20,167.55112,12,60,2469.177337,297
180,20,171.96036,13,62,2570.589977,298
200,-20,114.64024,6,23,1194.905461,275
200,-20,119.04948,5,23,1245.611781,275
200,-20,123.45872,5,25,1298.522724,274
200,-20,127.86796,6,25,1353.63829,276
200,-20,132.2772,6,27,1549.849703,276
200,-20,136.68644,6,29,1463.869421,275
200,-20,141.09568,7,28,1523.394232,275
200,-20,145.50492,7,30,1576.305175,277
200,-20,149.91416,6,31,1633.625363,276
200,-20,154.3234,8,33,1693.150174,278
200,-20,158.73264,7,34,1752.674984,277
200,-20,163.14188,9,35,1812.199795,279
200,-20,167.55112,8,36,1876.133851,280
200,-20,171.96036,8,37,1935.658662,279
200,-15,114.64024,6,28,1285.294989,279
200,-15,119.04948,6,28,1340.410554,278
200,-15,123.45872,6,30,1399.935365,278
200,-15,127.86796,7,30,1459.460176,279
200,-15,132.2772,7,32,1664.49008,279
200,-15,136.68644,7,34,1582.919043,279
200,-15,141.09568,8,34,1651.262344,279
200,-15,145.50492,8,36,1710.787155,280
200,-15,149.91416,7,38,1776.925833,280
200,-15,154.3234,9,40,1845.269135,281
200,-15,158.73264,9,41,1915.817059,280
200,-15,163.14188,10,43,1986.364982,282
200,-15,167.55112,10,44,2061.322152,283
200,-15,171.96036,9,46,2131.870075,282
200,-10,114.64024,7,32,1360.252158,284
200,-10,119.04948,7,32,1421.981591,283
200,-10,123.45872,6,35,1483.711025,283
200,-10,127.86796,8,35,1549.849703,285
200,-10,132.2772,8,37,1759.288852,284
200,-10,136.68644,7,39,1684.331683,284
200,-10,141.09568,9,40,1757.08423,284
200,-10,145.50492,9,42,1825.427531,285
200,-10,149.91416,8,44,1898.180078,285
200,-10,154.3234,10,46,1973.137247,286
200,-10,158.73264,10,48,2050.299038,286
200,-10,163.14188,11,50,2129.665453,287
200,-10,167.55112,11,52,2215.645735,288
200,-10,171.96036,10,53,2297.216772,287
200,0,114.64024,7,33,1421.981591,291
200,0,119.04948,7,34,1485.915647,291
200,0,123.45872,7,36,1552.054326,291
200,0,127.86796,8,37,1620.397627,292
200,0,132.2772,8,39,1761.493475,292
200,0,136.68644,8,41,1761.493475,292
200,0,141.09568,9,42,1836.450644,292
200,0,145.50492,9,44,1909.203191,293
200,0,149.91416,9,46,1986.364982,293
200,0,154.3234,10,48,2065.731397,294
200,0,158.73264,10,50,2147.302434,294
200,0,163.14188,11,52,2231.078093,295
200,0,167.55112,11,54,2319.262998,296
200,0,171.96036,11,56,2407.447903,296
200,10,114.64024,7,34,1483.711025,298
200,10,119.04948,7,36,1549.849703,299
200,10,123.45872,8,37,1620.397627,299
200,10,127.86796,8,39,1690.945551,299
200,10,132.2772,8,41,1763.698098,300
200,10,136.68644,9,43,1838.655267,300
200,10,141.09568,9,44,1915.817059,300
200,10,145.50492,9,46,1992.97885,301
200,10,149.91416,10,48,2074.549887,301
200,10,154.3234,10,50,2158.325547,302
200,10,158.73264,10,52,2244.305829,302
200,10,163.14188,11,54,2332.490734,303
200,10,167.55112,11,56,2422.880262,304
200,10,171.96036,12,59,2517.679034,305
200,15,114.64024,8,38,1558.668194,303
200,15,119.04948,8,40,1631.42074,304
200,15,123.45872,8,42,1704.173287,304
200,15,127.86796,9,44,1781.335079,305
200,15,132.2772,9,46,1858.49687,305
200,15,136.68644,9,48,1940.067907,305
200,15,141.09568,10,50,2021.638944,305
200,15,145.50492,10,52,2107.619227,306
200,15,149.91416,11,54,2195.804132,306
200,15,154.3234,11,56,2286.193659,307
200,15,158.73264,11,59,2378.787809,308
200,15,163.14188,12,61,2475.791205,308
200,15,167.55112,12,64,2577.203845,309
200,15,171.96036,13,66,2683.025731,310
200,20,114.64024,8,43,1649.057721,307
200,20,119.04948,9,45,1726.219513,307
200,20,123.45872,9,47,1805.585927,308
200,20,127.86796,10,49,1887.156964,308
200,20,132.2772,10,51,1973.137247,308
200,20,136.68644,10,53,2059.117529,309
200,20,141.09568,11,56,2149.507056,309
200,20,145.50492,11,58,2242.101207,309
200,20,149.91416,12,61,2339.104602,310
200,20,154.3234,12,63,2438.31262,310
200,20,158.73264,13,66,2541.929883,311
200,20,163.14188,13,69,2649.956392,311
200,20,167.55112,14,72,2762.392145,312
200,20,171.96036,14,75,2879.237144,313
220,-20,114.64024,7,25,1298.522724,285
220,-20,119.04948,6,27,1353.63829,287
220,-20,123.45872,6,28,1408.753855,286
220,-20,127.86796,7,30,1468.278666,286
220,-20,132.2772,7,31,1684.331683,288
220,-20,136.68644,6,32,1587.328288,287
220,-20,141.09568,8,33,1649.057721,287
220,-20,145.50492,7,34,1710.787155,288
220,-20,149.91416,9,35,1774.721211,288
220,-20,154.3234,8,36,1836.450644,289
220,-20,158.73264,7,39,1900.3847,289
220,-20,163.14188,9,39,1966.523379,290
220,-20,167.55112,8,41,2032.662057,292
220,-20,171.96036,9,41,2101.005359,291
220,-15,114.64024,7,31,1406.549233,289
220,-15,119.04948,7,33,1468.278666,291
220,-15,123.45872,7,35,1530.0081,290
220,-15,127.86796,8,36,1596.146778,290
220,-15,132.2772,8,38,1821.018286,292
220,-15,136.68644,7,40,1732.833381,292
220,-15,141.09568,9,41,1803.381305,291
220,-15,145.50492,8,43,1873.929229,293
220,-15,149.91416,10,44,1948.886398,292
220,-15,154.3234,10,45,2021.638944,294
220,-15,158.73264,9,48,2098.800736,293
220,-15,163.14188,10,49,2178.167151,294
220,-15,167.55112,10,52,2257.533565,296
220,-15,171.96036,11,53,2341.309225,295
220,-10,114.64024,8,36,1496.93876,295
220,-10,119.04948,8,38,1563.077439,296
220,-10,123.45872,8,40,1631.42074,296
220,-10,127.86796,9,42,1701.968664,296
220,-10,132.2772,9,44,1935.658662,297
220,-10,136.68644,8,46,1851.883002,297
220,-10,141.09568,10,48,1929.044794,297
220,-10,145.50492,10,50,2010.615831,299
220,-10,149.91416,11,51,2092.186868,298
220,-10,154.3234,11,53,2175.962528,299
220,-10,158.73264,10,57,2259.738188,299
220,-10,163.14188,12,58,2350.127715,300
220,-10,167.55112,11,61,4845.760523,301
220,-10,171.96036,13,63,2537.520638,300
220,0,114.64024,8,38,1563.077439,303
220,0,119.04948,8,40,1633.625363,304
220,0,123.45872,8,42,1706.377909,304
220,0,127.86796,9,44,1781.335079,304
220,0,132.2772,9,46,1937.863285,305
220,0,136.68644,9,48,1937.863285,305
220,0,141.09568,10,50,2019.434322,305
220,0,145.50492,10,52,2103.209981,306
220,0,149.91416,11,54,2189.190264,306
220,0,154.3234,11,56,2277.375169,307
220,0,158.73264,11,59,2367.764696,307
220,0,163.14188,12,61,2462.563469,308
220,0,167.55112,12,64,2559.566864,309
220,0,171.96036,13,66,2660.979505,309
220,10,114.64024,8,40,1629.216118,311
220,10,119.04948,8,42,1704.173287,312
220,10,123.45872,8,44,1781.335079,312
220,10,127.86796,9,46,1860.701493,312
220,10,132.2772,9,48,1940.067907,313
220,10,136.68644,10,50,2023.843567,313
220,10,141.09568,10,52,2109.823849,313
220,10,145.50492,10,54,2195.804132,313
220,10,149.91416,11,57,2286.193659,314
220,10,154.3234,11,59,2378.787809,315
220,10,158.73264,12,61,2475.791205,315
220,10,163.14188,12,64,2574.999222,316
220,10,167.55112,13,67,273.3732051,317
220,10,171.96036,13,69,2784.438372,318
220,15,114.64024,9,45,1719.605645,317
220,15,119.04948,9,47,1798.97206,317
220,15,123.45872,9,49,1882.747719,318
220,15,127.86796,10,52,1966.523379,318
220,15,132.2772,10,54,2054.708284,318
220,15,136.68644,11,56,2142.893189,318
220,15,141.09568,11,59,2235.487339,319
220,15,145.50492,12,61,2332.490734,319
220,15,149.91416,12,64,2429.494129,320
220,15,154.3234,12,67,2533.111393,320
220,15,158.73264,13,70,2636.728656,321
220,15,163.14188,14,73,2746.959787,322
220,15,167.55112,14,76,2861.600163,322
220,15,171.96036,15,79,2980.649785,323
220,20,114.64024,9,51,1827.632154,321
220,20,119.04948,10,53,1913.612436,321
220,20,123.45872,10,56,2004.001963,322
220,20,127.86796,11,58,2094.391491,322
220,20,132.2772,11,61,2191.394886,322
220,20,136.68644,12,64,2288.398282,323
220,20,141.09568,12,67,2389.810922,323
220,20,145.50492,13,70,2495.632808,324
220,20,149.91416,13,73,2603.659317,324
220,20,154.3234,14,76,2718.299693,325
220,20,158.73264,15,79,2835.144692,325
220,20,163.14188,15,83,2958.603559,326
220,20,167.55112,16,87,3086.471671,326
220,20,171.96036,17,91,3220.953651,327
240,-20,114.64024,7,30,1404.34461,298
240,-20,119.04948,7,31,1461.664798,297
240,-20,123.45872,6,32,1523.394232,299
240,-20,127.86796,8,33,1587.328288,298
240,-20,132.2772,7,36,1829.836776,300
240,-20,136.68644,9,36,1717.401023,299
240,-20,141.09568,8,37,1785.744324,299
240,-20,145.50492,7,39,1851.883002,298
240,-20,149.91416,9,41,1915.817059,300
240,-20,154.3234,8,41,1986.364982,299
240,-20,158.73264,9,43,2054.708284,301
240,-20,163.14188,8,44,2125.256208,302
240,-20,167.55112,10,46,2195.804132,303
240,-20,171.96036,11,47,2264.147433,302
240,-15,114.64024,8,37,1530.0081,302
240,-15,119.04948,8,39,1596.146778,302
240,-15,123.45872,7,40,1666.694702,303
240,-15,127.86796,9,41,1739.447249,303
240,-15,132.2772,9,45,1990.774228,305
240,-15,136.68644,10,46,1891.56621,304
240,-15,141.09568,9,47,1968.728001,304
240,-15,145.50492,9,50,2048.094416,303
240,-15,149.91416,10,52,2125.256208,305
240,-15,154.3234,10,53,2209.031867,304
240,-15,158.73264,11,56,2292.807527,306
240,-15,163.14188,11,58,2380.992432,307
240,-15,167.55112,12,60,2471.381959,308
240,-15,171.96036,13,62,2561.771487,307
240,-10,114.64024,9,43,1635.829986,308
240,-10,119.04948,9,45,1708.582532,308
240,-10,123.45872,8,47,1785.744324,309
240,-10,127.86796,10,48,1867.315361,309
240,-10,132.2772,10,52,2125.256208,311
240,-10,136.68644,11,53,2032.662057,310
240,-10,141.09568,11,55,2118.64234,310
240,-10,145.50492,10,58,2206.827245,310
240,-10,149.91416,12,61,2297.216772,311
240,-10,154.3234,11,63,2389.810922,310
240,-10,158.73264,13,66,2486.814318,312
240,-10,163.14188,12,68,2586.022336,313
240,-10,167.55112,14,71,2691.844221,314
240,-10,171.96036,15,74,2795.461485,313
240,0,114.64024,9,45,1710.787155,316
240,0,119.04948,9,47,1787.948946,316
240,0,123.45872,9,49,1869.519983,317
240,0,127.86796,10,51,1953.295643,317
240,0,132.2772,10,54,2127.46083,318
240,0,136.68644,11,56,2127.46083,318
240,0,141.09568,11,58,2217.850358,318
240,0,145.50492,11,61,2310.444508,318
240,0,149.91416,12,64,2405.243281,319
240,0,154.3234,12,66,2504.451299,319
240,0,158.73264,13,69,2605.863939,320
240,0,163.14188,13,72,2711.685825,321
240,0,167.55112,14,75,2821.916956,322
240,0,171.96036,15,78,2934.35271,322
240,10,114.64024,9,47,1785.744324,324
240,10,119.04948,9,49,1867.315361,324
240,10,123.45872,10,51,1953.295643,325
240,10,127.86796,10,54,2039.275925,325
240,10,132.2772,10,56,2129.665453,325
240,10,136.68644,11,59,2222.259603,326
240,10,141.09568,11,61,2317.058376,326
240,10,145.50492,12,64,2414.061771,326
240,10,149.91416,12,67,2513.269789,327
240,10,154.3234,13,69,2619.091675,328
240,10,158.73264,13,72,2724.913561,328
240,10,163.14188,14,76,2837.349315,329
240,10,167.55112,14,79,2951.989691,330
240,10,171.96036,15,82,3073.243935,331
240,15,114.64024,10,53,1891.56621,330
240,15,119.04948,10,55,1979.751115,330
240,15,123.45872,11,58,2072.345265,331
240,15,127.86796,11,61,2167.144037,331
240,15,132.2772,11,63,2264.147433,331
240,15,136.68644,12,66,2363.355451,332
240,15,141.09568,13,69,2466.972714,332
240,15,145.50492,13,72,2572.7946,333
240,15,149.91416,14,76,2685.230354,333
240,15,154.3234,14,79,2799.87073,334
240,15,158.73264,15,82,2918.920352,334
240,15,163.14188,15,86,3042.379218,335
240,15,167.55112,16,90,3172.451953,336
240,15,171.96036,17,94,3306.933933,337
240,20,114.64024,11,60,2017.229699,334
240,20,119.04948,11,63,2114.233094,335
240,20,123.45872,12,66,2215.645735,335
240,20,127.86796,12,69,2319.262998,336
240,20,132.2772,13,72,2425.084884,336
240,20,136.68644,13,76,2537.520638,337
240,20,141.09568,14,79,2649.956392,337
240,20,145.50492,15,83,2769.006013,338
240,20,149.91416,15,87,2894.669503,338
240,20,154.3234,16,91,3022.537615,339
240,20,158.73264,17,95,3157.019595,339
240,20,163.14188,18,100,3298.115443,340
240,20,167.55112,18,104,3448.029781,341
240,20,171.96036,19,109,3604.557987,342
250,-20,114.64024,7,31,1455.050931,303
250,-20,119.04948,6,34,1521.189609,304
250,-20,123.45872,7,34,1580.71442,304
250,-20,127.86796,7,37,1649.057721,303
250,-20,132.2772,8,37,1900.3847,305
250,-20,136.68644,8,39,1783.539701,304
250,-20,141.09568,9,40,1849.67838,304
250,-20,145.50492,8,41,1922.430926,305
250,-20,149.91416,10,43,1988.569605,305
250,-20,154.3234,9,45,2061.322152,306
250,-20,158.73264,10,46,2134.074698,307
250,-20,163.14188,9,47,2206.827245,307
250,-20,167.55112,10,50,2279.579791,308
250,-20,171.96036,11,50,2352.332338,309
250,-15,114.64024,8,39,1593.942156,308
250,-15,119.04948,7,42,1666.694702,309
250,-15,123.45872,9,43,1737.242626,309
250,-15,127.86796,8,46,1814.404418,308
250,-15,132.2772,10,47,2078.959133,310
250,-15,136.68644,9,50,1970.932624,310
250,-15,141.09568,11,51,2052.503661,309
250,-15,145.50492,10,53,2136.279321,311
250,-15,149.91416,11,56,2217.850358,310
250,-15,154.3234,11,58,2308.239885,311
250,-15,158.73264,12,60,2396.42479,313
250,-15,163.14188,12,62,2489.01894,312
250,-15,167.55112,13,66,2583.817713,313
250,-15,171.96036,14,67,2680.821108,314
250,-10,114.64024,9,45,1708.582532,314
250,-10,119.04948,8,49,1787.948946,315
250,-10,123.45872,10,50,1867.315361,315
250,-10,127.86796,9,54,1951.09102,314
250,-10,132.2772,11,55,2222.259603,316
250,-10,136.68644,11,58,2125.256208,316
250,-10,141.09568,12,60,2215.645735,316
250,-10,145.50492,12,63,2310.444508,317
250,-10,149.91416,13,66,2403.038658,316
250,-10,154.3234,12,69,2504.451299,318
250,-10,158.73264,14,71,2608.068562,319
250,-10,163.14188,13,74,2713.890448,318
250,-10,167.55112,15,78,2824.121579,319
250,-10,171.96036,16,81,2938.761955,321
250,0,114.64024,9,48,1787.948946,322
250,0,119.04948,9,51,1871.724606,323
250,0,123.45872,10,53,1955.500266,323
250,0,127.86796,10,56,2043.685171,323
250,0,132.2772,11,58,2226.668848,324
250,0,136.68644,11,61,2226.668848,324
250,0,141.09568,12,63,2321.467621,324
250,0,145.50492,12,66,2420.675639,325
250,0,149.91416,13,69,2519.883657,325
250,0,154.3234,13,72,2625.705543,326
250,0,158.73264,14,75,2733.732051,327
250,0,163.14188,14,78,2846.167805,327
250,0,167.55112,15,82,2963.012804,328
250,0,171.96036,16,85,3084.267048,329
250,10,114.64024,9,51,1867.315361,330
250,10,119.04948,10,53,1955.500266,331
250,10,123.45872,10,56,2043.685171,331
250,10,127.86796,11,58,2136.279321,332
250,10,132.2772,11,61,2231.078093,332
250,10,136.68644,11,64,2328.081489,332
250,10,141.09568,12,66,2427.289507,332
250,10,145.50492,12,69,2530.90677,333
250,10,149.91416,13,72,2636.728656,334
250,10,154.3234,14,75,2746.959787,334
250,10,158.73264,14,79,2859.395541,335
250,10,163.14188,15,82,2978.445162,336
250,10,167.55112,15,86,3101.904029,337
250,10,171.96036,16,89,3229.772141,337
250,15,114.64024,10,57,1981.955737,336
250,15,119.04948,11,60,2076.75451,337
250,15,123.45872,11,63,2173.757905,337
250,15,127.86796,12,66,2272.965923,338
250,15,132.2772,12,69,2374.378564,338
250,15,136.68644,13,72,2482.405072,338
250,15,141.09568,13,75,2590.431581,339
250,15,145.50492,14,79,2705.071957,339
250,15,149.91416,15,82,2821.916956,340
250,15,154.3234,15,86,2943.1712,341
250,15,158.73264,16,90,3071.039312,341
250,15,163.14188,16,94,3203.31667,342
250,15,167.55112,17,98,3342.207895,343
250,15,171.96036,18,103,3487.712988,344
250,20,114.64024,11,65,2120.846962,341
250,20,119.04948,12,68,2222.259603,342
250,20,123.45872,13,72,2330.286111,342
250,20,127.86796,13,75,2438.31262,343
250,20,132.2772,14,79,2552.952996,343
250,20,136.68644,14,83,2669.797995,344
250,20,141.09568,15,86,2793.256862,344
250,20,145.50492,16,91,2918.920352,345
250,20,149.91416,16,95,3051.197709,345
250,20,154.3234,17,99,3190.088934,346
250,20,158.73264,18,104,3333.389404,347
250,20,163.14188,19,109,3485.508365,347
250,20,167.55112,20,114,3646.445817,348
250,20,171.96036,21,120,3816.201759,349
270,-20,114.64024,7,37,1569.691307,315
270,-20,119.04948,8,37,1633.625363,316
270,-20,123.45872,8,39,1704.173287,316
270,-20,127.86796,9,41,1772.516588,315
270,-20,132.2772,8,42,2050.299038,317
270,-20,136.68644,9,43,1915.817059,316
270,-20,141.09568,9,45,1988.569605,316
270,-20,145.50492,10,47,2063.526774,317
270,-20,149.91416,9,48,2136.279321,318
270,-20,154.3234,10,50,2213.441112,317
270,-20,158.73264,11,52,2288.398282,319
270,-20,163.14188,10,54,2363.355451,320
270,-20,167.55112,11,55,2442.721865,321
270,-20,171.96036,12,55,2517.679034,322
270,-15,114.64024,8,47,1732.833381,320
270,-15,119.04948,10,47,1809.995173,322
270,-15,123.45872,9,50,1891.56621,321
270,-15,127.86796,11,52,1973.137247,321
270,-15,132.2772,10,55,2264.147433,322
270,-15,136.68644,11,57,2145.097811,322
270,-15,141.09568,11,59,2233.282716,322
270,-15,145.50492,12,63,2325.876866,323
270,-15,149.91416,11,64,2416.266394,324
270,-15,154.3234,13,68,2515.474412,324
270,-15,158.73264,14,71,2612.477807,325
270,-15,163.14188,13,74,2716.09507,326
270,-15,167.55112,14,76,2821.916956,327
270,-15,171.96036,15,78,2929.943465,328
270,-10,114.64024,10,55,1867.315361,327
270,-10,119.04948,11,56,1951.09102,328
270,-10,123.45872,11,59,2041.480548,328
270,-10,127.86796,12,62,2134.074698,327
270,-10,132.2772,12,65,2436.107997,329
270,-10,136.68644,13,67,2328.081489,329
270,-10,141.09568,12,70,2427.289507,328
270,-10,145.50492,14,74,2533.111393,330
270,-10,149.91416,13,77,2638.933279,331
270,-10,154.3234,15,81,2751.369032,330
270,-10,158.73264,16,85,2866.009409,332
270,-10,163.14188,15,89,2987.263653,333
270,-10,167.55112,17,92,3115.131765,334
270,-10,171.96036,18,96,3245.2045,335
270,0,114.64024,10,57,1955.500266,335
270,0,119.04948,11,59,2045.889793,336
270,0,123.45872,11,62,2140.688566,336
270,0,127.86796,12,65,2237.691961,336
270,0,132.2772,12,68,2440.517243,337
270,0,136.68644,13,71,2440.517243,337
270,0,141.09568,13,74,2546.339128,337
270,0,145.50492,14,78,2656.57026,338
270,0,149.91416,14,81,2769.006013,339
270,0,154.3234,15,85,2888.055635,339
270,0,158.73264,16,89,3009.309879,340
270,0,163.14188,16,93,3137.177991,341
270,0,167.55112,17,97,3271.659971,342
270,0,171.96036,18,101,3410.551196,343
270,10,114.64024,10,59,2043.685171,343
270,10,119.04948,11,62,2140.688566,344
270,10,123.45872,11,65,2239.896584,344
270,10,127.86796,12,68,2341.309225,345
270,10,132.2772,12,71,2444.926488,345
270,10,136.68644,13,75,2552.952996,345
270,10,141.09568,14,78,2665.38875,346
270,10,145.50492,14,82,2780.029126,346
270,10,149.91416,15,85,2899.078748,347
270,10,154.3234,15,89,3024.742237,348
270,10,158.73264,16,93,3152.610349,348
270,10,163.14188,17,97,3287.092329,349
270,10,167.55112,17,102,3428.188177,350
270,10,171.96036,18,106,3575.897893,351
270,15,114.64024,12,67,2178.167151,350
270,15,119.04948,12,71,2281.784414,350
270,15,123.45872,13,74,2389.810922,351
270,15,127.86796,13,78,2502.246676,351
270,15,132.2772,14,81,2616.887052,352
270,15,136.68644,15,85,2735.936674,352
270,15,141.09568,15,89,2859.395541,352
270,15,145.50492,16,93,2987.263653,353
270,15,149.91416,17,98,3121.745633,354
270,15,154.3234,17,102,3260.636858,354
270,15,158.73264,18,107,3406.141951,355
270,15,163.14188,19,112,3558.260912,356
270,15,167.55112,20,118,3721.402986,357
270,15,171.96036,21,124,3891.158928,358
270,20,114.64024,13,77,2341.309225,355
270,20,119.04948,14,81,2458.154224,356
270,20,123.45872,14,85,2577.203845,356
270,20,127.86796,15,89,2702.867335,357
270,20,132.2772,16,94,2830.735447,357
270,20,136.68644,17,99,2965.217427,358
270,20,141.09568,17,103,3104.108652,358
270,20,145.50492,18,109,3249.613745,359
270,20,149.91416,19,114,3401.732706,360
270,20,154.3234,20,120,3562.670157,361
270,20,158.73264,21,126,3730.221476,361
270,20,163.14188,22,132,3911.000531,362
270,20,167.55112,23,139,4100.598077,363
270,20,171.96036,24,147,4303.423358,364
290,-20,114.64024,7,40,1679.922438,326
290,-20,119.04948,8,43,1750.470362,327
290,-20,123.45872,9,44,1821.018286,327
290,-20,127.86796,9,47,1895.975455,328
290,-20,132.2772,10,47,2202.417999,329
290,-20,136.68644,9,49,2045.889793,329
290,-20,141.09568,10,51,2127.46083,328
290,-20,145.50492,11,52,2202.417999,329
290,-20,149.91416,10,53,2279.579791,328
290,-20,154.3234,11,56,2356.741583,329
290,-20,158.73264,11,58,2433.903375,330
290,-20,163.14188,12,59,2508.860544,331
290,-20,167.55112,13,59,2581.61309,332
290,-20,171.96036,11,60,2652.161014,332
290,-15,114.64024,9,52,1880.543097,332
290,-15,119.04948,10,56,1966.523379,334
290,-15,123.45872,12,58,2052.503661,333
290,-15,127.86796,11,62,2142.893189,335
290,-15,132.2772,12,63,2466.972714,336
290,-15,136.68644,11,67,2330.286111,336
290,-15,141.09568,13,70,2431.698752,335
290,-15,145.50492,14,72,2533.111393,336
290,-15,149.91416,13,75,2634.524033,336
290,-15,154.3234,14,79,2742.550542,337
290,-15,158.73264,15,83,2852.781673,338
290,-15,163.14188,16,86,2967.422049,339
290,-15,167.55112,17,89,3084.267048,339
290,-15,171.96036,16,93,3205.521292,340
290,-10,114.64024,10,62,2039.275925,339
290,-10,119.04948,12,67,2136.279321,341
290,-10,123.45872,13,69,2233.282716,340
290,-10,127.86796,13,74,2334.695357,342
290,-10,132.2772,14,76,2672.002618,343
290,-10,136.68644,13,80,2550.748374,343
290,-10,141.09568,15,84,2667.593373,342
290,-10,145.50492,16,87,2784.438372,344
290,-10,149.91416,15,91,2903.487993,343
290,-10,154.3234,16,96,3031.356105,344
290,-10,158.73264,18,101,3165.838085,345
290,-10,163.14188,19,106,3304.72931,346
290,-10,167.55112,20,110,3448.029781,347
290,-10,171.96036,19,116,3602.353364,348
290,0,114.64024,11,66,2138.483943,348
290,0,119.04948,12,70,2239.896584,349
290,0,123.45872,13,73,2343.513847,349
290,0,127.86796,13,77,2451.540356,350
290,0,132.2772,14,80,2678.616486,351
290,0,136.68644,14,84,2678.616486,351
290,0,141.09568,15,88,2799.87073,351
290,0,145.50492,16,92,2923.329597,352
290,0,149.91416,16,96,3051.197709,352
290,0,154.3234,17,101,3185.679689,353
290,0,158.73264,18,106,3326.775537,354
290,0,163.14188,19,111,3474.485252,355
290,0,167.55112,20,116,3628.808836,356
290,0,171.96036,20,122,3791.95091,357
290,10,114.64024,12,70,2237.691961,357
290,10,119.04948,12,73,2343.513847,357
290,10,123.45872,13,77,2453.744978,358
290,10,127.86796,13,80,2568.385355,358
290,10,132.2772,14,84,2685.230354,359
290,10,136.68644,15,88,2806.484598,359
290,10,141.09568,15,92,2932.148087,360
290,10,145.50492,16,97,3062.220822,360
290,10,149.91416,17,101,3198.907425,361
290,10,154.3234,18,106,3340.003272,362
290,10,158.73264,18,111,3487.712988,363
290,10,163.14188,19,116,3644.241194,364
290,10,167.55112,20,122,3809.587891,365
290,10,171.96036,21,128,3981.548455,366
290,15,114.64024,13,80,2396.42479,364
290,15,119.04948,14,84,2513.269789,364
290,15,123.45872,14,88,2634.524033,365
290,15,127.86796,15,92,2760.187523,365
290,15,132.2772,16,97,2890.260257,366
290,15,136.68644,17,101,3026.94686,366
290,15,141.09568,17,106,3168.042708,367
290,15,145.50492,18,112,3313.547801,368
290,15,149.91416,19,117,3467.871384,368
290,15,154.3234,20,123,3628.808836,369
290,15,158.73264,21,129,3800.7694,370
290,15,163.14188,22,136,3981.548455,371
290,15,167.55112,23,143,4173.350623,373
290,15,171.96036,24,151,4378.380527,374
290,20,114.64024,15,92,2597.045449,370
290,20,119.04948,16,97,2729.322806,371
290,20,123.45872,17,102,2866.009409,371
290,20,127.86796,17,107,3007.105256,372
290,20,132.2772,18,113,3154.814972,373
290,20,136.68644,19,119,3311.343178,373
290,20,141.09568,20,125,3472.28063,374
290,20,145.50492,21,132,3644.241194,375
290,20,149.91416,22,139,3822.815627,376
290,20,154.3234,23,146,4014.617795,377
290,20,158.73264,25,154,4219.647699,378
290,20,163.14188,26,163,4440.109961,379
290,20,167.55112,27,173,4676.004581,380
290,20,171.96036,29,184,4931.740805,382
310,-20,114.64024,9,44,1761.493475,335
310,-20,119.04948,8,46,1836.450644,336
310,-20,123.45872,10,48,1913.612436,335
310,-20,127.86796,9,50,1988.569605,337
310,-20,132.2772,10,51,2321.467621,338
310,-20,136.68644,11,52,2145.097811,337
310,-20,141.09568,11,55,2224.464226,336
310,-20,145.50492,10,56,2303.83064,337
310,-20,149.91416,11,58,2376.583187,338
310,-20,154.3234,11,58,2453.744978,339
310,-20,158.73264,12,59,2526.497525,339
310,-20,163.14188,12,60,2597.045449,340
310,-20,167.55112,12,61,2658.774882,340
310,-20,171.96036,12,60,2713.890448,340
310,-15,114.64024,11,60,1997.388096,342
310,-15,119.04948,11,63,2087.777623,343
310,-15,123.45872,12,66,2184.781018,343
310,-15,127.86796,11,69,2279.579791,344
310,-15,132.2772,12,71,2634.524033,345
310,-15,136.68644,14,74,2484.609695,345
310,-15,141.09568,15,78,2590.431581,344
310,-15,145.50492,14,82,2700.662712,345
310,-15,149.91416,15,85,2808.68922,346
310,-15,154.3234,16,88,2925.534219,347
310,-15,158.73264,16,92,3046.788464,348
310,-15,163.14188,17,96,3170.24733,349
310,-15,167.55112,18,100,3298.115443,349
310,-15,171.96036,18,104,3432.597422,350
310,-10,114.64024,13,71,2178.167151,349
310,-10,119.04948,12,75,2283.989036,350
310,-10,123.45872,14,79,2392.015545,350
310,-10,127.86796,13,83,2502.246676,351
310,-10,132.2772,14,86,2872.623276,353
310,-10,136.68644,16,90,2738.141297,352
310,-10,141.09568,17,95,2863.804786,352
310,-10,145.50492,16,100,2993.877521,353
310,-10,149.91416,17,104,3126.154878,354
310,-10,154.3234,18,109,3267.250726,355
310,-10,158.73264,20,115,3417.165064,356
310,-10,163.14188,21,120,3575.897893,357
310,-10,167.55112,22,127,3741.24459,358
310,-10,171.96036,22,133,3919.819022,359
310,0,114.64024,13,75,2288.398282,358
310,0,119.04948,13,79,2398.629413,359
310,0,123.45872,14,83,2513.269789,359
310,0,127.86796,14,87,2630.114788,360
310,0,132.2772,15,91,2879.237144,361
310,0,136.68644,16,95,2879.237144,361
310,0,141.09568,17,100,3011.514502,361
310,0,145.50492,17,105,3148.201104,362
310,0,149.91416,18,110,3289.296952,363
310,0,154.3234,19,115,3439.21129,364
310,0,158.73264,20,121,3597.944119,365
310,0,163.14188,21,127,3765.495438,366
310,0,167.55112,22,134,3941.865248,367
310,0,171.96036,23,141,4131.462794,368
310,10,114.64024,13,79,2398.629413,367
310,10,119.04948,14,83,2513.269789,368
310,10,123.45872,14,87,2634.524033,368
310,10,127.86796,15,91,2757.9829,369
310,10,132.2772,16,96,2885.851012,369
310,10,136.68644,16,100,3020.332992,370
310,10,141.09568,17,105,3159.224217,370
310,10,145.50492,18,110,3302.524688,371
310,10,149.91416,19,116,3452.439026,372
310,10,154.3234,20,121,3611.171855,373
310,10,158.73264,20,127,3778.723174,374
310,10,163.14188,21,134,3955.092984,375
310,10,167.55112,22,141,4142.485907,376
310,10,171.96036,24,149,4343.106565,377
310,15,114.64024,15,90,2579.408468,374
310,15,119.04948,15,95,2709.481202,375
310,15,123.45872,16,100,2841.75856,375
310,15,127.86796,17,105,2980.649785,376
310,15,132.2772,18,111,3123.950255,377
310,15,136.68644,18,116,3273.864594,377
310,15,141.09568,19,122,3432.597422,378
310,15,145.50492,20,128,3595.739496,379
310,15,149.91416,21,135,3769.904684,380
310,15,154.3234,22,142,3952.888361,381
310,15,158.73264,24,150,4149.099775,382
310,15,163.14188,25,158,4360.743546,383
310,15,167.55112,26,168,4585.615054,385
310,15,171.96036,28,178,4830.328165,386
310,20,114.64024,17,106,2815.303088,381
310,20,119.04948,18,112,2960.808181,382
310,20,123.45872,18,118,3112.927142,383
310,20,127.86796,19,124,3271.659971,383
310,20,132.2772,20,131,3437.006668,384
310,20,136.68644,21,138,3613.376477,385
310,20,141.09568,23,145,3798.564778,386
310,20,145.50492,24,154,3992.571568,387
310,20,149.91416,25,162,4202.010718,388
310,20,154.3234,27,172,4424.677602,389
310,20,158.73264,28,183,4669.390713,391
310,20,163.14188,30,194,4933.945428,392
310,20,167.55112,32,207,5224.955614,394
310,20,171.96036,34,222,5549.03514,396
330,-20,114.64024,10,49,1845.269135,342
330,-20,119.04948,9,50,1922.430926,343
330,-20,123.45872,10,51,2001.797341,343
330,-20,127.86796,11,54,2081.163755,344
330,-20,132.2772,11,56,2442.721865,345
330,-20,136.68644,10,57,2246.510452,344
330,-20,141.09568,11,58,2323.672244,345
330,-20,145.50492,11,60,2403.038658,346
330,-20,149.91416,12,61,2480.20045,344
330,-20,154.3234,12,63,2555.157619,347
330,-20,158.73264,12,63,2623.50092,347
330,-20,163.14188,12,63,2680.821108,347
330,-20,167.55112,13,60,2720.504316,349
330,-15,114.64024,12,67,2107.619227,349
330,-15,119.04948,11,69,2206.827245,351
330,-15,123.45872,12,72,2308.239885,350
330,-15,127.86796,14,76,2411.857148,351
330,-15,132.2772,15,79,2799.87073,353
330,-15,136.68644,14,83,2634.524033,352
330,-15,141.09568,15,86,2744.755164,353
330,-15,145.50492,15,90,2866.009409,354
330,-15,149.91416,16,94,2985.05903,353
330,-15,154.3234,17,99,3115.131765,356
330,-15,158.73264,18,103,3247.409122,356
330,-15,163.14188,18,108,3384.095725,357
330,-15,167.55112,20,112,3525.191573,359
330,-15,171.96036,20,118,3670.696666,359
330,-10,114.64024,14,80,2310.444508,357
330,-10,119.04948,13,84,4825.91892,358
330,-10,123.45872,15,87,2539.725261,358
330,-10,127.86796,16,92,2660.979505,359
330,-10,132.2772,17,97,3068.83469,360
330,-10,136.68644,16,101,2923.329597,360
330,-10,141.09568,17,106,3055.606954,361
330,-10,145.50492,18,112,3201.112047,362
330,-10,149.91416,19,117,3351.026385,361
330,-10,154.3234,20,124,3511.963837,364
330,-10,158.73264,21,131,3681.719779,365
330,-10,163.14188,22,139,3864.703456,366
330,-10,167.55112,25,145,4060.91487,368
330,-10,171.96036,25,155,4272.558641,368
330,0,114.64024,14,84,2429.494129,366
330,0,119.04948,14,88,2548.543751,367
330,0,123.45872,15,92,2672.002618,367
330,0,127.86796,16,97,2799.87073,368
330,0,132.2772,17,102,3073.243935,369
330,0,136.68644,17,107,3073.243935,369
330,0,141.09568,18,112,3216.544405,370
330,0,145.50492,19,118,3368.663366,371
330,0,149.91416,20,124,3527.396195,371
330,0,154.3234,21,131,3697.152137,373
330,0,158.73264,22,138,3877.931192,374
330,0,163.14188,23,146,4071.937983,375
330,0,167.55112,25,154,4281.377132,377
330,0,171.96036,26,164,4508.453262,378
330,10,114.64024,14,88,2548.543751,375
330,10,119.04948,15,92,271.1685825,376
330,10,123.45872,15,97,2804.279975,376
330,10,127.86796,16,102,2938.761955,377
330,10,132.2772,17,107,3077.65318,378
330,10,136.68644,18,113,3223.158273,378
330,10,141.09568,19,118,3377.481857,379
330,10,145.50492,20,124,3536.214686,380
330,10,149.91416,21,131,3703.766005,381
330,10,154.3234,22,138,3882.340437,382
330,10,158.73264,23,145,4074.142605,383
330,10,163.14188,24,153,4279.172509,384
330,10,167.55112,25,163,4501.839394,386
330,10,171.96036,27,173,4744.347883,388
330,15,114.64024,16,101,2751.369032,383
330,15,119.04948,17,107,2890.260257,383
330,15,123.45872,18,112,3035.76535,384
330,15,127.86796,18,118,3187.884311,385
330,15,132.2772,19,125,3346.61714,385
330,15,136.68644,20,131,3511.963837,386
330,15,141.09568,21,138,3688.333647,387
330,15,145.50492,23,146,3871.317324,388
330,15,149.91416,24,154,4069.73336,389
330,15,154.3234,25,163,4279.172509,390
330,15,158.73264,26,173,4508.453262,392
330,15,163.14188,28,184,4759.780241,393
330,15,167.55112,30,196,5037.562691,395
330,15,171.96036,32,210,5346.209858,397
330,20,114.64024,18,119,3013.719124,390
330,20,119.04948,19,126,3174.656576,391
330,20,123.45872,20,133,3342.207895,391
330,20,127.86796,21,140,3518.577705,392
330,20,132.2772,23,148,3703.766005,393
330,20,136.68644,24,157,3899.977418,394
330,20,141.09568,25,166,4109.416567,395
330,20,145.50492,27,176,4334.288075,396
330,20,149.91416,28,187,4574.591941,398
330,20,154.3234,30,199,4839.146655,399
330,20,158.73264,32,213,5132.361464,401
330,20,163.14188,34,229,5463.054857,403
330,20,167.55112,37,248,5842.249948,405
350,-20,114.64024,10,53,1935.658662,349
350,-20,119.04948,11,55,2015.025077,350
350,-20,123.45872,10,57,2098.800736,351
350,-20,127.86796,10,58,2184.781018,350
350,-20,132.2772,11,60,2574.999222,353
350,-20,136.68644,11,62,2352.332338,352
350,-20,141.09568,12,64,2429.494129,351
350,-20,145.50492,12,65,2508.860544,351
350,-20,149.91416,12,64,2581.61309,354
350,-20,154.3234,14,65,2643.342524,353
350,-15,114.64024,13,73,2226.668848,356
350,-15,119.04948,14,77,2330.286111,358
350,-15,123.45872,13,80,2440.517243,359
350,-15,127.86796,14,83,2555.157619,358
350,-15,132.2772,15,88,2978.445162,361
350,-15,136.68644,15,92,2793.256862,360
350,-15,141.09568,16,97,2916.715729,359
350,-15,145.50492,17,102,3046.788464,360
350,-15,149.91416,17,105,3181.270444,363
350,-15,154.3234,20,111,3322.366291,363
350,-15,158.73264,20,116,3472.28063,365
350,-15,163.14188,22,122,3626.604213,365
350,-10,114.64024,15,88,2449.335733,364
350,-10,119.04948,16,93,2568.385355,365
350,-10,123.45872,15,98,2696.253467,366
350,-10,127.86796,16,102,2830.735447,366
350,-10,132.2772,17,108,3278.273839,369
350,-10,136.68644,18,114,3115.131765,368
350,-10,141.09568,19,121,3265.046103,367
350,-10,145.50492,20,127,3428.188177,368
350,-10,149.91416,21,133,3600.148742,371
350,-10,154.3234,24,142,3787.541665,372
350,-10,158.73264,24,150,3994.776191,374
350,-10,163.14188,27,161,4219.647699,374
350,-10,167.55112,27,174,4475.383923,378
350,-10,171.96036,29,186,4764.189486,379
350,0,114.64024,15,93,2574.999222,373
350,0,119.04948,16,98,2702.867335,374
350,0,123.45872,16,103,2837.349315,375
350,0,127.86796,17,108,2978.445162,375
350,0,132.2772,18,114,3278.273839,377
350,0,136.68644,19,120,3278.273839,377
350,0,141.09568,20,127,3439.21129,377
350,0,145.50492,21,134,3611.171855,378
350,0,149.91416,22,141,3794.155532,380
350,0,154.3234,24,150,3992.571568,381
350,0,158.73264,25,159,4210.829208,383
350,0,163.14188,27,170,4451.133074,384
350,0,167.55112,28,183,4722.301656,387
350,0,171.96036,30,197,5030.948823,389
350,10,114.64024,15,98,2700.662712,382
350,10,119.04948,16,103,2837.349315,383
350,10,123.45872,17,108,2978.445162,384
350,10,127.86796,18,114,3126.154878,384
350,10,132.2772,19,120,3278.273839,385
350,10,136.68644,20,126,3441.415913,386
350,10,141.09568,21,133,3613.376477,387
350,10,145.50492,22,141,3794.155532,388
350,10,149.91416,23,149,3988.162323,389
350,10,154.3234,24,158,4197.601472,390
350,10,158.73264,26,168,4426.882225,392
350,10,163.14188,27,179,4682.618449,394
350,10,167.55112,29,192,4969.21939,396
350,10,171.96036,31,208,5297.708161,399
350,15,114.64024,17,113,2923.329597,390
350,15,119.04948,18,119,3075.448558,390
350,15,123.45872,19,126,3234.181386,391
350,15,127.86796,20,133,3401.732706,392
350,15,132.2772,21,140,3578.102516,393
350,15,136.68644,23,148,3763.290816,394
350,15,141.09568,24,157,3961.706852,395
350,15,145.50492,25,166,4175.555246,396
350,15,149.91416,27,177,4407.040621,397
350,15,154.3234,28,189,4662.776846,399
350,15,158.73264,30,202,4949.377786,401
350,15,163.14188,32,218,5275.661934,403
350,20,114.64024,20,133,3214.339783,397
350,20,119.04948,21,141,3390.709593,398
350,20,123.45872,22,149,3575.897893,399
350,20,127.86796,24,158,3772.109306,400
350,20,132.2772,25,168,3981.548455,401
350,20,136.68644,27,178,4204.21534,402
350,20,141.09568,28,190,4448.928451,403
350,20,145.50492,30,203,4713.483166,405
350,20,149.91416,32,218,5006.697975,406
350,20,154.3234,34,235,5341.800613,409
370,-20,114.64024,10,58,2032.662057,356
370,-20,119.04948,10,61,2116.437717,357
370,-20,123.45872,11,63,2202.417999,356
370,-20,127.86796,11,63,2290.602904,357
370,-20,132.2772,12,65,2731.527429,360
370,-20,136.68644,12,67,2458.154224,358
370,-20,141.09568,13,68,2533.111393,358
370,-15,114.64024,13,82,2354.53696,364
370,-15,119.04948,14,86,2469.177337,365
370,-15,123.45872,15,90,2586.022336,364
370,-15,127.86796,15,94,2711.685825,365
370,-15,132.2772,16,98,3196.702802,368
370,-15,136.68644,17,104,2976.24054,366
370,-15,141.09568,19,110,3117.336388,367
370,-15,145.50492,19,115,3265.046103,369
370,-15,149.91416,21,121,3421.574309,369
370,-10,114.64024,15,99,2599.250071,371
370,-10,119.04948,16,105,2731.527429,372
370,-10,123.45872,17,110,2870.418654,371
370,-10,127.86796,18,115,3020.332992,372
370,-10,132.2772,19,122,3531.80544,376
370,-10,136.68644,20,130,3344.412518,375
370,-10,141.09568,23,139,3527.396195,375
370,-10,145.50492,23,147,3721.402986,378
370,-10,149.91416,26,157,3939.660626,378
370,-10,154.3234,26,169,4188.782982,382
370,0,114.64024,16,104,2733.732051,380
370,0,119.04948,17,110,2874.827899,381
370,0,123.45872,18,116,3022.537615,381
370,0,127.86796,19,122,3179.065821,382
370,0,132.2772,20,129,3522.98695,384
370,0,136.68644,21,137,3522.98695,384
370,0,141.09568,23,146,3714.789118,385
370,0,145.50492,24,155,3922.023645,387
370,0,149.91416,26,166,4153.50902,388
370,0,154.3234,27,179,4415.859112,391
370,10,114.64024,17,109,2868.214031,389
370,10,119.04948,18,115,3018.12837,390
370,10,123.45872,19,122,3174.656576,391
370,10,127.86796,20,129,3337.79865,392
370,10,132.2772,21,136,3514.168459,392
370,10,136.68644,22,144,3701.561382,393
370,10,141.09568,23,153,3902.182041,395
370,10,145.50492,25,163,4122.644303,396
370,10,149.91416,26,175,4367.357414,398
370,10,154.3234,28,189,4642.935242,400
370,15,114.64024,19,126,3112.927142,396
370,15,119.04948,20,134,3280.478462,397
370,15,123.45872,21,142,3459.052894,398
370,15,127.86796,23,150,3646.445817,399
370,15,132.2772,24,160,3849.271098,400
370,15,136.68644,25,170,4069.73336,402
370,15,141.09568,27,182,4312.241849,403
370,15,145.50492,29,195,4579.001186,405
370,15,149.91416,31,211,4885.44373,407
370,20,114.64024,22,150,3434.802045,404
370,20,119.04948,24,159,3633.218081,405
370,20,123.45872,25,169,3842.65723,406
370,20,127.86796,27,181,4067.528738,407
370,20,132.2772,28,193,4314.446471,408
370,20,136.68644,30,207,4587.819676,410
370,20,141.09568,33,224,4896.466843,412
390,-20,114.64024,11,62,2118.64234,362
390,-20,119.04948,11,65,2206.827245,363
390,-20,123.45872,13,66,2283.989036,363
390,-15,114.64024,14,91,2500.042053,370
390,-15,119.04948,15,97,2630.114788,371
390,-15,123.45872,18,103,2760.187523,372
390,-15,127.86796,18,108,2896.874125,372
390,-15,132.2772,18,113,3511.963837,376
390,-10,114.64024,17,112,2777.824504,378
390,-10,119.04948,18,120,2932.148087,379
390,-10,123.45872,21,127,3095.290161,380
390,-10,127.86796,21,136,3271.659971,380
390,-10,132.2772,22,145,3933.046758,385
390,-10,136.68644,24,157,3688.333647,383
390,0,114.64024,18,118,2923.329597,387
390,0,119.04948,19,126,3086.471671,388
390,0,123.45872,21,134,3258.432235,389
390,0,127.86796,22,143,3445.825158,390
390,0,132.2772,23,153,3886.749683,393
390,0,136.68644,25,165,3886.749683,393
390,0,141.09568,27,179,4153.50902,396
390,10,114.64024,19,124,3068.83469,396
390,10,119.04948,20,132,3240.795254,397
390,10,123.45872,21,141,3421.574309,398
390,10,127.86796,23,150,3619.990345,400
390,10,132.2772,24,161,3840.452608,401
390,10,136.68644,26,173,4085.165719,403
390,15,114.64024,22,145,3346.61714,404
390,15,119.04948,23,155,3542.828554,405
390,15,123.45872,24,165,3756.676948,406
390,15,127.86796,26,178,3994.776191,408
390,15,132.2772,28,193,4261.535528,410
390,20,114.64024,25,174,3728.016854,412
390,20,119.04948,27,187,3966.116097,413
390,20,123.45872,29,202,4232.875434,415